Place,Tags
CGV 신촌아트레온,CGVSinchonArtreon IndoorEntertainment CulturalExperience ScreenX SeoulCinema RainyDayActivity MovieTime ParkingInfo InnovativeCinema ArtreonCulture
복합문화공간 몽향,ChangcheonCulture MongHyangSpace SeodaemunTheater CulturalHub InteractiveCulture FamilyFriendlyVenue SeoulNightLife UrbanRecreation ArtisticCommunity CulturalInnovation
서강대학교 메리홀 대극장,SogangMaryHall TheaterCulture KoreanArts CreativeSpace DancePerformance TheatricalProduction CulturalSupport SeoulCulturalFoundation KoreanCreativity ArtisticEndeavor DramaticArts PerformingArtsVenue CulturalEvents ArtisticInnovation CulturalHeritage MaryHallStage
예스24 원더로크홀,JangBeomJuneConcert Yes24WonderlockHall WeekdaySmallConcert SinChon FanInteraction LiveMusic ConcertTips StandingTips CulturalVenue PerformanceArt IntimateVenue AcousticSession MeetAndGreetOpportunity UndergroundVenue UrbanCultureSpot
극장PLOT,TheaterPLOT CultureArt MultiCulturalSpace InnovativeArt PerformingArts CreativeHub ArtisticCommunity CulturalExperience InteractiveArt
이한열기념관,SeodaemunPrisonHistoryHall Gyeonggyojang JeonTaeIlStatue LeeHanYeolMemorialHall KoreanProvisionalGovernment SecretSocieties RighteousStruggles ArmedResistanceAbroad CulturalActivism LeeHanYeol MemorialMuseum DemocracyExperience SeoulCulturalSites FamilyFriendlyCulturalFacilities PreservationEfforts CulturalHeritagePreservation YouthCulture ModernKoreanHistory DemocraticUprisings ShinchonCulturalHub CrowdfundingForMuseums MapoDistrictAttractions
디앤디,Description not available
AC'SCENT(악센트),SinchonAccent MediaArt ScentExperience InteractiveExhibit SeoulArtScene CulturalExhibit ArtAndSensory InnovativeArt ExperimentalArt YouthCulture
201P,MapoCultureCenter PlatformP PublicInstitution PublishingCulture CulturalPromotion SeoulCulturalSite KoreanCulture CommunitySpace CulturalEngagement ArtsAndCulture
서강대학교메리홀 소극장,SpaceRobotRay SogangMaryHall AutumnTheater ThePrayerPlay UnderWomenWings PianoDramaSynthesis CulturalRecharge PerformanceInvite HeartfeltMonologues UndergroundArts EpicHighAcoustic CoffeeAndCulture FlowerDeliveryService AcademicTheater RobotSeason FallPerformances CulturalHeritage MaryHallTheater MetroAccessArts
원픽홀,OnePickMusic ArtCulture PerformanceVenue LiveMusic CulturalExperience ArtisticPerformance
아트레온갤러리,ArtreonGallery CulturalSpace OpenTheater UrbanArt RooftopGarden CommunityMeetup CulturalHub GalleryExhibit ArtAndCulture SeoulCulture
소이아트홀,SoyArtHall SeodaemunPracticeSpace SinchonStationAffordable FamilyFriendlyCulturalSpot SeoulArtVenues CleanAmenities FreeWiFiAvailable CulturalOasis UrbanArtExperience MultipurposeStudio KidFriendly ArtEducation SeoulCulturalHub
롤링스톤즈,BeatlesVsStones CulturalImpact SixtiesRock MusicLegends HippieCulture FamilyFriendlySpaces MusicInspiredPlay CulturalSeminars InteractiveMusic RollingStonesHostel LiveMusicCulture PopArtExhibit HistoricalConcerts CulturalHeritage BritishPopArt
지블레싱소극장,ZibleBlessingTheater GClassEmotion ComedyNight SeoulComedy LiveComedy ComedyShow StandUpComedy CulturalVenue ArtAndCulture NogosanDistrict MapoSeoul PerformingArts
신촌아리수스트로 공연장,Sinchon BuskingStage LivePerformances SinchonArisuStro SeoulCulture YouthCulture UrbanEntertainment NewVenueOpening StreetCulture KoreanEntertainment
디에이스튜디오,AuctionItems ArtStudio CulturalExhibition ArtSpace ContemporaryArt SeoulArtScene CulturalHotspot ArtAuction CreativeSpace LiveArtPerformance
얘기아트씨어터,YegiArtTheater FlowerDelivery NogosanDong CulturalFacility FamilyFriendly SeoulCulture PublicTheater ArtisticCommunity InteractiveExhibits ModernArt CulturalHeritage ArtEducation PerformingArts CommunityEngagement ArtisticInnovation
소통홀,CultureHub SeongdongArt PerformanceNews SotongHall ArtVenueSeoul STHall
에프비소울하우스,DonggyoDong RealEstateConsulting ProteinHouse FranchiseBusiness AuctionProperties CulturalSites FBsoulHouse DAceStudio SeoulCulture ArtStudios UrbanExploration
극단예당,Description not available
아트레온 무빙온,Description not available
와이어프레임,WireframeCulture ArtSpace CulturalComplex InnovativeArt CreativeHub InteractiveArt CulturalFusion ArtisticInnovation CommunityArtistry CulturalDialogue
볼륨일레븐,Description not available
허둥홀,SeoulCulture TheaterKorea MusicalTheater ChildrensPlays CulturalComplex WomenEmpowerment MultiLevelFacilities SeodaemunCulture CulturalOutreach JapaneseCulturalInstitute
